{"cameraMode":{"drawMode":0,"name":"Shaded","section":"Shading Mode"},"sceneLighting":true,"audioPlay":false,"sceneViewState":{"showFog":true,"showMaterialUpdate":false,"showSkybox":true,"showFlares":true,"showImageEffects":true,"showParticleSystems":true},"in2DMode":false,"pivot":{"x":104.97462463378906,"y":34.41276931762695,"z":184.79689025878907},"rotation":{"x":-0.3467307984828949,"y":0.03291005641222,"z":-0.012174081988632679,"w":-0.9373106360435486},"size":18.89459228515625,"orthographic":false}