{"cameraMode":{"drawMode":0,"name":"Shaded","section":"Shading Mode"},"sceneLighting":true,"audioPlay":false,"sceneViewState":{"showFog":true,"showMaterialUpdate":false,"showSkybox":true,"showFlares":true,"showImageEffects":true,"showParticleSystems":true},"in2DMode":false,"pivot":{"x":30.480344772338868,"y":-3.862600326538086,"z":35.38118362426758},"rotation":{"x":-0.23613837361335755,"y":-0.2981916069984436,"z":0.07639748603105545,"w":-0.9216794967651367},"size":16.250141143798829,"orthographic":false}