{"cameraMode":{"drawMode":0,"name":"Shaded","section":"Shading Mode"},"sceneLighting":true,"audioPlay":false,"sceneViewState":{"showFog":true,"showMaterialUpdate":false,"showSkybox":true,"showFlares":true,"showImageEffects":true,"showParticleSystems":true},"in2DMode":false,"pivot":{"x":36.91923141479492,"y":-1.6290665864944459,"z":15.027787208557129},"rotation":{"x":-0.12326297909021378,"y":-0.2524946928024292,"z":0.032448526471853259,"w":-0.9591721892356873},"size":10.0,"orthographic":false}