{"cameraMode":{"drawMode":0,"name":"Shaded","section":"Shading Mode"},"sceneLighting":true,"audioPlay":false,"sceneViewState":{"showFog":true,"showMaterialUpdate":false,"showSkybox":true,"showFlares":true,"showImageEffects":true,"showParticleSystems":true},"in2DMode":false,"pivot":{"x":167.90513610839845,"y":200.45013427734376,"z":770.85107421875},"rotation":{"x":-0.13616877794265748,"y":0.05554377660155296,"z":-0.007646686397492886,"w":-0.9890983700752258},"size":1922.281982421875,"orthographic":false}