{"cameraMode":{"drawMode":0,"name":"Shaded","section":"Shading Mode"},"sceneLighting":true,"audioPlay":false,"sceneViewState":{"showFog":true,"showMaterialUpdate":false,"showSkybox":true,"showFlares":true,"showImageEffects":true,"showParticleSystems":true},"in2DMode":false,"pivot":{"x":30.0,"y":0.7899999618530273,"z":4.230000019073486},"rotation":{"x":0.22692565619945527,"y":0.06859465688467026,"z":-0.016024820506572725,"w":0.9713616371154785},"size":31.541404724121095,"orthographic":false}