{"cameraMode":{"drawMode":0,"name":"Shaded","section":"Shading Mode"},"sceneLighting":true,"audioPlay":false,"sceneViewState":{"showFog":true,"showMaterialUpdate":false,"showSkybox":true,"showFlares":true,"showImageEffects":true,"showParticleSystems":true},"in2DMode":false,"pivot":{"x":-63.605648040771487,"y":30.36803436279297,"z":154.17678833007813},"rotation":{"x":-0.15205033123493195,"y":-0.7656405568122864,"z":0.1961609274148941,"w":-0.5934708118438721},"size":0.866025447845459,"orthographic":false}