{"cameraMode":{"drawMode":0,"name":"Shaded","section":"Shading Mode"},"sceneLighting":true,"audioPlay":false,"sceneViewState":{"showFog":true,"showMaterialUpdate":false,"showSkybox":true,"showFlares":true,"showImageEffects":true,"showParticleSystems":true},"in2DMode":false,"pivot":{"x":33.43586349487305,"y":-4.421847343444824,"z":109.10343170166016},"rotation":{"x":-0.006958321202546358,"y":-0.9900642037391663,"z":0.13025324046611787,"w":-0.052909646183252338},"size":41.34955596923828,"orthographic":false}