{"cameraMode":{"drawMode":0,"name":"Shaded","section":"Shading Mode"},"sceneLighting":true,"audioPlay":false,"sceneViewState":{"showFog":true,"showMaterialUpdate":false,"showSkybox":true,"showFlares":true,"showImageEffects":true,"showParticleSystems":true},"in2DMode":false,"pivot":{"x":32.69951248168945,"y":-21.196231842041017,"z":17.088634490966798},"rotation":{"x":-0.4918230175971985,"y":0.04097750037908554,"z":-0.02318071946501732,"w":-0.8694214224815369},"size":19.311357498168947,"orthographic":false}