{"cameraMode":{"drawMode":0,"name":"Shaded","section":"Shading Mode"},"sceneLighting":false,"audioPlay":false,"sceneViewState":{"showFog":true,"showMaterialUpdate":false,"showSkybox":false,"showFlares":true,"showImageEffects":true,"showParticleSystems":true},"in2DMode":false,"pivot":{"x":28.53900146484375,"y":0.27000001072883608,"z":16.509998321533204},"rotation":{"x":0.0522218719124794,"y":-0.8554052114486694,"z":0.08777650445699692,"w":0.5078685879707336},"size":0.09013872593641281,"orthographic":false}