{"cameraMode":{"drawMode":0,"name":"Shaded","section":"Shading Mode"},"sceneLighting":true,"audioPlay":false,"sceneViewState":{"showFog":true,"showMaterialUpdate":false,"showSkybox":true,"showFlares":true,"showImageEffects":true,"showParticleSystems":true},"in2DMode":false,"pivot":{"x":287.187744140625,"y":38.94984436035156,"z":69.27354431152344},"rotation":{"x":0.35453420877456667,"y":0.06442656368017197,"z":-0.024561243131756784,"w":0.9325384497642517},"size":146.3612060546875,"orthographic":false}