{"cameraMode":{"drawMode":0,"name":"Shaded","section":"Shading Mode"},"sceneLighting":true,"audioPlay":false,"sceneViewState":{"showFog":true,"showMaterialUpdate":false,"showSkybox":true,"showFlares":true,"showImageEffects":true,"showParticleSystems":true},"in2DMode":false,"pivot":{"x":29.8700008392334,"y":1.2699999809265137,"z":4.0},"rotation":{"x":0.1080656349658966,"y":-0.02535015530884266,"z":0.002755568129941821,"w":0.9938382506370544},"size":5.066025733947754,"orthographic":false}