{"cameraMode":{"drawMode":0,"name":"Shaded","section":"Shading Mode"},"sceneLighting":false,"audioPlay":false,"sceneViewState":{"showFog":true,"showMaterialUpdate":false,"showSkybox":false,"showFlares":true,"showImageEffects":true,"showParticleSystems":true},"in2DMode":false,"pivot":{"x":12.109999656677246,"y":1.864297866821289,"z":18.542743682861329},"rotation":{"x":-0.4089532792568207,"y":-0.04323221370577812,"z":0.019400248304009439,"w":-0.9113276600837708},"size":2.417921543121338,"orthographic":false}