{"cameraMode":{"drawMode":0,"name":"Shaded","section":"Shading Mode"},"sceneLighting":true,"audioPlay":false,"sceneViewState":{"showFog":true,"showMaterialUpdate":false,"showSkybox":true,"showFlares":true,"showImageEffects":true,"showParticleSystems":true},"in2DMode":false,"pivot":{"x":-25.569183349609376,"y":32.3554573059082,"z":-67.66683197021485},"rotation":{"x":-0.31333696842193606,"y":-0.14818912744522096,"z":0.04957381263375282,"w":-0.9367050528526306},"size":0.42699286341667178,"orthographic":false}