{"cameraMode":{"drawMode":0,"name":"Shaded","section":"Shading Mode"},"sceneLighting":true,"audioPlay":false,"sceneViewState":{"showFog":true,"showMaterialUpdate":false,"showSkybox":true,"showFlares":true,"showImageEffects":true,"showParticleSystems":true},"in2DMode":false,"pivot":{"x":-25.457115173339845,"y":32.655853271484378,"z":-67.55428314208985},"rotation":{"x":-0.1234532967209816,"y":-0.19747982919216157,"z":0.025078512728214265,"w":-0.9721864461898804},"size":-7.439507007598877,"orthographic":false}