{"cameraMode":{"drawMode":0,"name":"Shaded","section":"Shading Mode"},"sceneLighting":true,"audioPlay":false,"sceneViewState":{"showFog":true,"showMaterialUpdate":false,"showSkybox":true,"showFlares":true,"showImageEffects":true,"showParticleSystems":true},"in2DMode":false,"pivot":{"x":49.84025573730469,"y":41.723052978515628,"z":109.65188598632813},"rotation":{"x":-0.120934396982193,"y":0.8546591997146606,"z":-0.22993096709251405,"w":-0.44951632618904116},"size":66.71527862548828,"orthographic":false}