{"cameraMode":{"drawMode":0,"name":"Shaded","section":"Shading Mode"},"sceneLighting":false,"audioPlay":false,"sceneViewState":{"showFog":true,"showMaterialUpdate":false,"showSkybox":false,"showFlares":true,"showImageEffects":true,"showParticleSystems":true},"in2DMode":false,"pivot":{"x":25.480287551879884,"y":1.2036670446395875,"z":63.448944091796878},"rotation":{"x":0.43813058733940127,"y":0.31959444284439089,"z":-0.1701866239309311,"w":0.8227791786193848},"size":17.346498489379884,"orthographic":false}