{"cameraMode":{"drawMode":0,"name":"Shaded","section":"Shading Mode"},"sceneLighting":false,"audioPlay":false,"sceneViewState":{"showFog":true,"showMaterialUpdate":false,"showSkybox":false,"showFlares":true,"showImageEffects":true,"showParticleSystems":true},"in2DMode":false,"pivot":{"x":20.850000381469728,"y":1.2230000495910645,"z":27.31999969482422},"rotation":{"x":0.3252379894256592,"y":0.18142305314540864,"z":-0.0637291818857193,"w":0.9258805513381958},"size":533.0889892578125,"orthographic":false}