{"cameraMode":{"drawMode":0,"name":"Shaded","section":"Shading Mode"},"sceneLighting":true,"audioPlay":false,"sceneViewState":{"showFog":true,"showMaterialUpdate":false,"showSkybox":true,"showFlares":true,"showImageEffects":true,"showParticleSystems":true},"in2DMode":false,"pivot":{"x":910.8389892578125,"y":602.9781494140625,"z":-94.11973571777344},"rotation":{"x":-0.12888823449611665,"y":-0.030639413744211198,"z":0.003990303725004196,"w":-0.9911817312240601},"size":685.6774291992188,"orthographic":false}