{"cameraMode":{"drawMode":0,"name":"Shaded","section":"Shading Mode"},"sceneLighting":true,"audioPlay":false,"sceneViewState":{"showFog":true,"showMaterialUpdate":false,"showSkybox":true,"showFlares":true,"showImageEffects":true,"showParticleSystems":true},"in2DMode":false,"pivot":{"x":18.504867553710939,"y":1.6381664276123047,"z":16.60723304748535},"rotation":{"x":-0.5322690606117249,"y":0.00969570130109787,"z":-0.006023640278726816,"w":-0.8465169072151184},"size":9.36806583404541,"orthographic":false}