{"cameraMode":{"drawMode":0,"name":"Shaded","section":"Shading Mode"},"sceneLighting":true,"audioPlay":false,"sceneViewState":{"showFog":true,"showMaterialUpdate":false,"showSkybox":true,"showFlares":true,"showImageEffects":true,"showParticleSystems":true},"in2DMode":false,"pivot":{"x":22.892793655395509,"y":3.3867764472961427,"z":17.49357032775879},"rotation":{"x":-0.07966940850019455,"y":-0.036456793546676639,"z":0.0029846574179828169,"w":-0.996164858341217},"size":3.3411142826080324,"orthographic":false}