{"cameraMode":{"drawMode":0,"name":"Shaded","section":"Shading Mode"},"sceneLighting":false,"audioPlay":false,"sceneViewState":{"showFog":true,"showMaterialUpdate":false,"showSkybox":true,"showFlares":true,"showImageEffects":true,"showParticleSystems":true},"in2DMode":false,"pivot":{"x":194.10000610351563,"y":8.199999809265137,"z":10.100000381469727},"rotation":{"x":0.02202257141470909,"y":0.9336071014404297,"z":-0.3533334732055664,"w":0.05769166722893715},"size":106.1982192993164,"orthographic":false}