{"cameraMode":{"drawMode":0,"name":"Shaded","section":"Shading Mode"},"sceneLighting":true,"audioPlay":false,"sceneViewState":{"showFog":true,"showMaterialUpdate":false,"showSkybox":true,"showFlares":true,"showImageEffects":true,"showParticleSystems":true},"in2DMode":false,"pivot":{"x":192.26528930664063,"y":-111.73161315917969,"z":102.27058410644531},"rotation":{"x":-0.4424007833003998,"y":-0.5454564094543457,"z":0.41974738240242007,"w":-0.5750624537467957},"size":105.68416595458985,"orthographic":false}