{"cameraMode":{"drawMode":0,"name":"Shaded","section":"Shading Mode"},"sceneLighting":false,"audioPlay":false,"sceneViewState":{"showFog":true,"showMaterialUpdate":false,"showSkybox":true,"showFlares":true,"showImageEffects":true,"showParticleSystems":true},"in2DMode":false,"pivot":{"x":200.9199981689453,"y":1.3000001907348633,"z":39.404998779296878},"rotation":{"x":-0.007662731222808361,"y":-0.9134401679039002,"z":0.40661606192588808,"w":-0.017270328477025033},"size":12.909387588500977,"orthographic":false}