{"cameraMode":{"drawMode":0,"name":"Shaded","section":"Shading Mode"},"sceneLighting":false,"audioPlay":false,"sceneViewState":{"showFog":true,"showMaterialUpdate":false,"showSkybox":false,"showFlares":true,"showImageEffects":true,"showParticleSystems":true},"in2DMode":false,"pivot":{"x":40.88890838623047,"y":0.8170393705368042,"z":165.06800842285157},"rotation":{"x":0.10116083920001984,"y":0.8614038825035095,"z":-0.18929173052310944,"w":0.46034976840019228},"size":1.2353200912475587,"orthographic":false}