{"cameraMode":{"drawMode":0,"name":"Shaded","section":"Shading Mode"},"sceneLighting":false,"audioPlay":false,"sceneViewState":{"showFog":true,"showMaterialUpdate":false,"showSkybox":true,"showFlares":true,"showImageEffects":true,"showParticleSystems":true},"in2DMode":false,"pivot":{"x":170.5325469970703,"y":-9.206596374511719,"z":-63.83995056152344},"rotation":{"x":-0.07279782742261887,"y":0.8317151665687561,"z":-0.5388131737709045,"w":-0.11287976056337357},"size":234.76162719726563,"orthographic":false}