{"cameraMode":{"drawMode":0,"name":"Shaded","section":"Shading Mode"},"sceneLighting":false,"audioPlay":false,"sceneViewState":{"showFog":true,"showMaterialUpdate":false,"showSkybox":true,"showFlares":true,"showImageEffects":true,"showParticleSystems":true},"in2DMode":false,"pivot":{"x":280.7179260253906,"y":-83.65528106689453,"z":-21.784387588500978},"rotation":{"x":-0.11238802969455719,"y":-0.8876386284828186,"z":0.3162979781627655,"w":-0.3153814971446991},"size":76.21929931640625,"orthographic":false}