{"cameraMode":{"drawMode":0,"name":"Shaded","section":"Shading Mode"},"sceneLighting":false,"audioPlay":false,"sceneViewState":{"showFog":true,"showMaterialUpdate":false,"showSkybox":true,"showFlares":true,"showImageEffects":true,"showParticleSystems":true},"in2DMode":false,"pivot":{"x":25.06374740600586,"y":1.0895189046859742,"z":72.81352996826172},"rotation":{"x":0.02506585419178009,"y":-0.7236177921295166,"z":0.026261145249009134,"w":0.68928462266922},"size":0.7660431265830994,"orthographic":false}