{"cameraMode":{"drawMode":0,"name":"Shaded","section":"Shading Mode"},"sceneLighting":true,"audioPlay":false,"sceneViewState":{"showFog":true,"showMaterialUpdate":false,"showSkybox":true,"showFlares":true,"showImageEffects":true,"showParticleSystems":true},"in2DMode":false,"pivot":{"x":16.393795013427736,"y":-3.29683780670166,"z":76.08354187011719},"rotation":{"x":0.17872075736522675,"y":-0.7576183080673218,"z":0.23211988806724549,"w":0.5832719206809998},"size":4.559769630432129,"orthographic":false}