{"cameraMode":{"drawMode":0,"name":"Shaded","section":"Shading Mode"},"sceneLighting":false,"audioPlay":false,"sceneViewState":{"showFog":true,"showMaterialUpdate":false,"showSkybox":false,"showFlares":true,"showImageEffects":true,"showParticleSystems":true},"in2DMode":false,"pivot":{"x":71.53999328613281,"y":2.5123374462127687,"z":26.392057418823243},"rotation":{"x":0.4698695242404938,"y":0.5025487542152405,"z":-0.3830859363079071,"w":0.6164106726646423},"size":3.650679588317871,"orthographic":false}