{"cameraMode":{"drawMode":0,"name":"Shaded","section":"Shading Mode"},"sceneLighting":false,"audioPlay":false,"sceneViewState":{"showFog":true,"showMaterialUpdate":false,"showSkybox":false,"showFlares":true,"showImageEffects":true,"showParticleSystems":true},"in2DMode":false,"pivot":{"x":0.00694766640663147,"y":0.01177339255809784,"z":0.0016698837280273438},"rotation":{"x":0.4998724162578583,"y":0.4016267955303192,"z":-0.2812111973762512,"w":0.7139942049980164},"size":0.23103387653827668,"orthographic":false}