{"cameraMode":{"drawMode":0,"name":"Shaded","section":"Shading Mode"},"sceneLighting":true,"audioPlay":false,"sceneViewState":{"showFog":true,"showMaterialUpdate":false,"showSkybox":true,"showFlares":true,"showImageEffects":true,"showParticleSystems":true},"in2DMode":false,"pivot":{"x":29.58518409729004,"y":8.109171867370606,"z":171.54681396484376},"rotation":{"x":0.2531030476093292,"y":0.6904860734939575,"z":-0.2840777039527893,"w":0.6151993274688721},"size":5.6660261154174809,"orthographic":false}