{"cameraMode":{"drawMode":0,"name":"Shaded","section":"Shading Mode"},"sceneLighting":true,"audioPlay":false,"sceneViewState":{"showFog":true,"showMaterialUpdate":false,"showSkybox":true,"showFlares":true,"showImageEffects":true,"showParticleSystems":true},"in2DMode":false,"pivot":{"x":45.284244537353519,"y":37.46151351928711,"z":94.69358825683594},"rotation":{"x":0.3026781976222992,"y":0.5964652299880981,"z":-0.25910812616348269,"w":0.6967670917510986},"size":53.30559539794922,"orthographic":false}