{"cameraMode":{"drawMode":0,"name":"Shaded","section":"Shading Mode"},"sceneLighting":false,"audioPlay":false,"sceneViewState":{"showFog":true,"showMaterialUpdate":false,"showSkybox":true,"showFlares":true,"showImageEffects":true,"showParticleSystems":true},"in2DMode":false,"pivot":{"x":25.479145050048829,"y":1.0209648609161378,"z":73.58906555175781},"rotation":{"x":-0.23922964930534364,"y":-0.04309709742665291,"z":0.01062728650867939,"w":-0.969968855381012},"size":1.0712506771087647,"orthographic":false}