{"cameraMode":{"drawMode":0,"name":"Shaded","section":"Shading Mode"},"sceneLighting":false,"audioPlay":false,"sceneViewState":{"showFog":true,"showMaterialUpdate":false,"showSkybox":false,"showFlares":true,"showImageEffects":true,"showParticleSystems":true},"in2DMode":false,"pivot":{"x":2.02994704246521,"y":0.0380558967590332,"z":2.0871870517730715},"rotation":{"x":-0.05533203110098839,"y":0.9309868812561035,"z":-0.3238980174064636,"w":-0.1590428352355957},"size":1.587904453277588,"orthographic":false}