{"cameraMode":{"drawMode":0,"name":"Shaded","section":"Shading Mode"},"sceneLighting":true,"audioPlay":false,"sceneViewState":{"showFog":true,"showMaterialUpdate":false,"showSkybox":true,"showFlares":true,"showImageEffects":true,"showParticleSystems":true},"in2DMode":false,"pivot":{"x":123.51156616210938,"y":-34.058837890625,"z":136.31689453125},"rotation":{"x":-0.3943715989589691,"y":-0.41809120774269106,"z":0.20838499069213868,"w":-0.7914221882820129},"size":135.40528869628907,"orthographic":false}