{"cameraMode":{"drawMode":0,"name":"Shaded","section":"Shading Mode"},"sceneLighting":false,"audioPlay":false,"sceneViewState":{"showFog":true,"showMaterialUpdate":false,"showSkybox":false,"showFlares":true,"showImageEffects":true,"showParticleSystems":true},"in2DMode":false,"pivot":{"x":0.046582698822021487,"y":0.5699914693832398,"z":0.3274632692337036},"rotation":{"x":-0.13144773244857789,"y":-0.516638457775116,"z":0.08060820400714874,"w":-0.8422356247901917},"size":2.2091495990753176,"orthographic":false}