{"cameraMode":{"drawMode":0,"name":"Shaded","section":"Shading Mode"},"sceneLighting":true,"audioPlay":false,"sceneViewState":{"showFog":true,"showMaterialUpdate":false,"showSkybox":true,"showFlares":true,"showImageEffects":true,"showParticleSystems":true},"in2DMode":false,"pivot":{"x":85.61383056640625,"y":-69.35502624511719,"z":233.74398803710938},"rotation":{"x":-0.3674038350582123,"y":-0.3551502823829651,"z":0.15427564084529878,"w":-0.8457515239715576},"size":68.80108642578125,"orthographic":false}