{"cameraMode":{"drawMode":0,"name":"Shaded","section":"Shading Mode"},"sceneLighting":true,"audioPlay":false,"sceneViewState":{"showFog":true,"showMaterialUpdate":false,"showSkybox":true,"showFlares":true,"showImageEffects":true,"showParticleSystems":true},"in2DMode":false,"pivot":{"x":27.480640411376954,"y":0.9794811606407166,"z":166.2193603515625},"rotation":{"x":-0.17005109786987306,"y":-0.7860099077224731,"z":0.2472887635231018,"w":-0.5405038595199585},"size":73.685302734375,"orthographic":false}